{
  "MSP": 0.36731451749801636,
  "MaxLogit": 1.4950953364372275,
  "Entropy": 0.753354781866074,
  "Energy": 1.3753466606140137,
  "Mahalanobis": 174.84117126464844,
  "Mahalanobis_plus__plus_": 212.28025665283212,
  "ReAct": 1.0522356033325195,
  "ASH": -1.5651293992996216,
  "ODIN": 0.9469072222709656,
  "kNN": 0.4638298451900482,
  "VIM": 62.99379692077639,
  "GEN": 0.9263015985488892,
  "DICE": -2.902751922607422,
  "Gram": 2.665078639984131,
  "SCALE": -1.171729564666748,
  "KL_Matching": -2.191084146499634,
  "ACTSUB": 0.9895004928112048
}