{
  "MSP": {
    "auroc": 0.7389955132380177,
    "ap": 0.1798324171979806,
    "fpr_at_95_tpr": 0.7365072691949532,
    "polarity_flipped": false,
    "score_range": [
      0.0,
      0.8829519748687744
    ],
    "n_samples": 162609082,
    "ood_ratio": 0.08279487734885559
  },
  "MaxLogit": {
    "auroc": 0.7125119649917683,
    "ap": 0.18086500653029897,
    "fpr_at_95_tpr": 0.7485442491228538,
    "polarity_flipped": false,
    "score_range": [
      -15.443992614746094,
      16.302204132080078
    ],
    "n_samples": 162609082,
    "ood_ratio": 0.08279487734885559
  },
  "Entropy": {
    "auroc": 0.7420643084014779,
    "ap": 0.18824555963974962,
    "fpr_at_95_tpr": 0.7336379107427323,
    "polarity_flipped": false,
    "score_range": [
      7.564618814176029e-18,
      2.5825552940368652
    ],
    "n_samples": 162609082,
    "ood_ratio": 0.08279487734885559
  },
  "Energy": {
    "auroc": 0.7083714883565265,
    "ap": 0.16988585097949557,
    "fpr_at_95_tpr": 0.7483297410227542,
    "polarity_flipped": false,
    "score_range": [
      -15.443992614746094,
      16.252185821533203
    ],
    "n_samples": 162609082,
    "ood_ratio": 0.08279487734885559
  },
  "Mahalanobis": {
    "auroc": 0.6831122243285458,
    "ap": 0.14451839670504937,
    "fpr_at_95_tpr": 0.7687541264548349,
    "polarity_flipped": false,
    "score_range": [
      11.22751522064209,
      530.08203125
    ],
    "n_samples": 162609082,
    "ood_ratio": 0.08279487734885559
  },
  "Mahalanobis++": {
    "auroc": 0.7036109571796835,
    "ap": 0.15985569794926752,
    "fpr_at_95_tpr": 0.7663059328295371,
    "polarity_flipped": false,
    "score_range": [
      9.148120880126953,
      684.6486206054688
    ],
    "n_samples": 162609082,
    "ood_ratio": 0.08279487734885559
  },
  "ReAct": {
    "auroc": 0.7400381123420918,
    "ap": 0.19959119103563724,
    "fpr_at_95_tpr": 0.7214844274313627,
    "polarity_flipped": false,
    "score_range": [
      -10.26402473449707,
      12.553170204162598
    ],
    "n_samples": 162609082,
    "ood_ratio": 0.08279487734885559
  },
  "ASH": {
    "auroc": 0.5029886437380846,
    "ap": 0.09232323533531381,
    "fpr_at_95_tpr": 0.9464925491775056,
    "polarity_flipped": true,
    "score_range": [
      1.1962718963623047,
      1.7426658868789673
    ],
    "n_samples": 162609082,
    "ood_ratio": 0.08279487734885559
  },
  "ODIN": {
    "auroc": 0.7260711600099786,
    "ap": 0.17750876274163538,
    "fpr_at_95_tpr": 0.8043762763468302,
    "polarity_flipped": false,
    "score_range": [
      0.9447464942932129,
      0.9472749829292297
    ],
    "n_samples": 162609082,
    "ood_ratio": 0.08279487734885559
  },
  "kNN": {
    "auroc": 0.7841827603912462,
    "ap": 0.2163707645529622,
    "fpr_at_95_tpr": 0.6441616829611047,
    "polarity_flipped": false,
    "score_range": [
      0.03498237580060959,
      0.7445322275161743
    ],
    "n_samples": 162609082,
    "ood_ratio": 0.08279487734885559
  },
  "VIM": {
    "auroc": 0.748632635420563,
    "ap": 0.19898270146486227,
    "fpr_at_95_tpr": 0.7188883249294921,
    "polarity_flipped": false,
    "score_range": [
      -2.0419085025787354,
      116.9677734375
    ],
    "n_samples": 162609082,
    "ood_ratio": 0.08279487734885559
  },
  "GEN": {
    "auroc": 0.739633430568913,
    "ap": 0.18291656873886794,
    "fpr_at_95_tpr": 0.733067985523945,
    "polarity_flipped": false,
    "score_range": [
      1.7999999060713812e-11,
      0.9908279776573181
    ],
    "n_samples": 162609082,
    "ood_ratio": 0.08279487734885559
  },
  "DICE": {
    "auroc": 0.7125119649835664,
    "ap": 0.18085385177981994,
    "fpr_at_95_tpr": 0.7485442826470778,
    "polarity_flipped": false,
    "score_range": [
      -15.44399642944336,
      -2.890371799468994
    ],
    "n_samples": 162609082,
    "ood_ratio": 0.08279487734885559
  },
  "Gram": {
    "auroc": 0.5633837036175988,
    "ap": 0.09666443659005226,
    "fpr_at_95_tpr": 0.9429896365292229,
    "polarity_flipped": false,
    "score_range": [
      0.8911938667297363,
      4.045094966888428
    ],
    "n_samples": 162609082,
    "ood_ratio": 0.08279487734885559
  },
  "SCALE": {
    "auroc": 0.6607803260059125,
    "ap": 0.12502919933326648,
    "fpr_at_95_tpr": 0.8046468302447208,
    "polarity_flipped": true,
    "score_range": [
      0.13209405541419983,
      2.727670192718506
    ],
    "n_samples": 162609082,
    "ood_ratio": 0.08279487734885559
  },
  "KL_Matching": {
    "auroc": 0.7420381928158419,
    "ap": 0.18823233682477242,
    "fpr_at_95_tpr": 0.7342381284503844,
    "polarity_flipped": false,
    "score_range": [
      -2.9444386959075928,
      -0.36188334226608276
    ],
    "n_samples": 162609082,
    "ood_ratio": 0.08279487734885559
  },
  "ACTSUB": {
    "auroc": 0.7067208163531091,
    "ap": 0.1648451226147296,
    "fpr_at_95_tpr": 0.7568678110947253,
    "polarity_flipped": false,
    "score_range": [
      -13.741867065429688,
      15.549184799194336
    ],
    "n_samples": 162609082,
    "ood_ratio": 0.08279487734885559
  }
}