{
  "MSP": 0.19267220795154572,
  "MaxLogit": 2.0409228801727295,
  "Entropy": 0.5295097827911377,
  "Energy": 2.0202525854110718,
  "Mahalanobis": 165.50540161132812,
  "Mahalanobis_plus__plus_": 166.79469299316406,
  "ReAct": 1.168262004852295,
  "ASH": -1.5961834192276,
  "ODIN": 0.9467282891273499,
  "kNN": 0.3778562545776367,
  "VIM": 56.61799621582031,
  "GEN": 0.8719185292720795,
  "DICE": -2.8975882530212402,
  "Gram": 2.6751601696014404,
  "SCALE": -1.006188154220581,
  "KL_Matching": -2.414929151535034,
  "ACTSUB": 1.4659320712089539
}