{
  "MSP": {
    "auroc": 0.6171133262528384,
    "ap": 0.18984428313693325,
    "fpr_at_95_tpr": 1.0,
    "polarity_flipped": false,
    "score_range": [
      0.0,
      0.8565446138381958
    ],
    "n_samples": 176947200,
    "ood_ratio": 0.1122448334870515
  },
  "MaxLogit": {
    "auroc": 0.5588083201623638,
    "ap": 0.15971491814731525,
    "fpr_at_95_tpr": 0.9419632358728104,
    "polarity_flipped": false,
    "score_range": [
      -18.201045989990234,
      20.932079315185547
    ],
    "n_samples": 176947200,
    "ood_ratio": 0.1122448334870515
  },
  "Entropy": {
    "auroc": 0.6175562981355738,
    "ap": 0.19627476551206224,
    "fpr_at_95_tpr": 0.9483575061222438,
    "polarity_flipped": false,
    "score_range": [
      5.4208748047473e-23,
      2.5466148853302
    ],
    "n_samples": 176947200,
    "ood_ratio": 0.1122448334870515
  },
  "Energy": {
    "auroc": 0.5559160183674549,
    "ap": 0.1547113866572297,
    "fpr_at_95_tpr": 0.9419622109551589,
    "polarity_flipped": false,
    "score_range": [
      -18.201045989990234,
      20.502315521240234
    ],
    "n_samples": 176947200,
    "ood_ratio": 0.1122448334870515
  },
  "Mahalanobis": {
    "auroc": 0.7030286800762692,
    "ap": 0.1999640358158865,
    "fpr_at_95_tpr": 0.718963365693591,
    "polarity_flipped": false,
    "score_range": [
      8.949090957641602,
      444.7574157714844
    ],
    "n_samples": 176947200,
    "ood_ratio": 0.1122448334870515
  },
  "Mahalanobis++": {
    "auroc": 0.7110496929273558,
    "ap": 0.2321607556582642,
    "fpr_at_95_tpr": 0.8285899072819387,
    "polarity_flipped": false,
    "score_range": [
      8.998822212219238,
      664.7632446289062
    ],
    "n_samples": 176947200,
    "ood_ratio": 0.1122448334870515
  },
  "ReAct": {
    "auroc": 0.6294327295334272,
    "ap": 0.20128157272116393,
    "fpr_at_95_tpr": 0.9142183012593418,
    "polarity_flipped": false,
    "score_range": [
      -12.400529861450195,
      14.981038093566895
    ],
    "n_samples": 176947200,
    "ood_ratio": 0.1122448334870515
  },
  "ASH": {
    "auroc": 0.5366618257779289,
    "ap": 0.12588153335306462,
    "fpr_at_95_tpr": 0.9538918640960976,
    "polarity_flipped": false,
    "score_range": [
      -1.7502155303955078,
      -1.4447388648986816
    ],
    "n_samples": 176947200,
    "ood_ratio": 0.1122448334870515
  },
  "ACTSUB": {
    "auroc": 0.567151136242588,
    "ap": 0.1454535981892833,
    "fpr_at_95_tpr": 0.96082000185491,
    "polarity_flipped": false,
    "score_range": [
      -3.9396555423736572,
      -2.8988587856292725
    ],
    "n_samples": 176947200,
    "ood_ratio": 0.1122448334870515
  },
  "ODIN": {
    "auroc": 0.6021074664350864,
    "ap": 0.20404782502263127,
    "fpr_at_95_tpr": 0.9494986277912303,
    "polarity_flipped": false,
    "score_range": [
      0.9440291523933411,
      0.9472768306732178
    ],
    "n_samples": 176947200,
    "ood_ratio": 0.1122448334870515
  },
  "kNN": {
    "auroc": 0.7276503123350391,
    "ap": 0.2449280145566721,
    "fpr_at_95_tpr": 0.6930132274025981,
    "polarity_flipped": false,
    "score_range": [
      0.027201920747756958,
      0.6847212314605713
    ],
    "n_samples": 176947200,
    "ood_ratio": 0.1122448334870515
  },
  "VIM": {
    "auroc": 0.6973943491356449,
    "ap": 0.26102524779068453,
    "fpr_at_95_tpr": 0.88531897834095,
    "polarity_flipped": false,
    "score_range": [
      -7.28422212600708,
      131.4692840576172
    ],
    "n_samples": 176947200,
    "ood_ratio": 0.1122448334870515
  },
  "GEN": {
    "auroc": 0.6163648969378136,
    "ap": 0.19184958533433605,
    "fpr_at_95_tpr": 0.9483537374809412,
    "polarity_flipped": false,
    "score_range": [
      1.7999999060713812e-11,
      0.9899640679359436
    ],
    "n_samples": 176947200,
    "ood_ratio": 0.1122448334870515
  },
  "DICE": {
    "auroc": 0.5586161265735002,
    "ap": 0.1595415198193173,
    "fpr_at_95_tpr": 0.9419685259757199,
    "polarity_flipped": false,
    "score_range": [
      -18.201045989990234,
      -2.8630881309509277
    ],
    "n_samples": 176947200,
    "ood_ratio": 0.1122448334870515
  },
  "Gram": {
    "auroc": 0.6328040695184399,
    "ap": 0.1626035150682011,
    "fpr_at_95_tpr": 0.8975591051389238,
    "polarity_flipped": false,
    "score_range": [
      0.9856220483779907,
      4.148952960968018
    ],
    "n_samples": 176947200,
    "ood_ratio": 0.1122448334870515
  },
  "SCALE": {
    "auroc": 0.6330621084051167,
    "ap": 0.169408531912067,
    "fpr_at_95_tpr": 0.9425098225465854,
    "polarity_flipped": true,
    "score_range": [
      -0.2464413344860077,
      2.716071605682373
    ],
    "n_samples": 176947200,
    "ood_ratio": 0.1122448334870515
  },
  "KL_Matching": {
    "auroc": 0.6175135757495159,
    "ap": 0.19621392987975836,
    "fpr_at_95_tpr": 1.0,
    "polarity_flipped": false,
    "score_range": [
      -2.9444386959075928,
      -0.39782431721687317
    ],
    "n_samples": 176947200,
    "ood_ratio": 0.1122448334870515
  }
}