{
  "MSP": 0.3495466113090515,
  "MaxLogit": -6.220242500305176,
  "Entropy": 0.8258077502250671,
  "Energy": -6.52694034576416,
  "Mahalanobis": 2012.6839599609375,
  "Mahalanobis_plus__plus_": 14676.296875,
  "ReAct": -5.401841640472412,
  "ASH": -6.704257011413574,
  "ODIN": 0.9470430612564087,
  "kNN": 0.7144445776939392,
  "VIM": -10.860279083251953,
  "GEN": 0.9224905371665955,
  "DICE": -6.255909442901611,
  "Gram": 0.1783439815044403,
  "SCALE": -4.33621072769165,
  "KL_Matching": -2.118630886077881,
  "ACTSUB": -6.2367844581604
}