{
  "MSP": {
    "auroc": 0.6424513699015464,
    "ap": 0.20789218039094245,
    "fpr_at_95_tpr": 0.9403094105668642,
    "polarity_flipped": false,
    "score_range": [
      0.0,
      0.8977254629135132
    ],
    "n_samples": 2675729842,
    "ood_ratio": 0.11844777788295116
  },
  "MaxLogit": {
    "auroc": 0.6577760966160144,
    "ap": 0.23575573735693342,
    "fpr_at_95_tpr": 0.9309089185900241,
    "polarity_flipped": false,
    "score_range": [
      -20.629201889038086,
      -1.2781530618667603
    ],
    "n_samples": 2675729842,
    "ood_ratio": 0.11844777788295116
  },
  "Entropy": {
    "auroc": 0.6455966782863174,
    "ap": 0.22052800868041697,
    "fpr_at_95_tpr": 0.9400936593578197,
    "polarity_flipped": false,
    "score_range": [
      5.901480335523956e-07,
      2.6995291709899902
    ],
    "n_samples": 2675729842,
    "ood_ratio": 0.11844777788295116
  },
  "Energy": {
    "auroc": 0.6580002624288996,
    "ap": 0.23821484655399294,
    "fpr_at_95_tpr": 0.9309215279912589,
    "polarity_flipped": false,
    "score_range": [
      -20.629201889038086,
      -3.316495418548584
    ],
    "n_samples": 2675729842,
    "ood_ratio": 0.11844777788295116
  },
  "Mahalanobis": {
    "auroc": 0.5007485303543664,
    "ap": 0.12032062145251057,
    "fpr_at_95_tpr": 0.9551769188742437,
    "polarity_flipped": true,
    "score_range": [
      -10921.6494140625,
      -335.6392517089844
    ],
    "n_samples": 2675729842,
    "ood_ratio": 0.11844777788295116
  },
  "Mahalanobis++": {
    "auroc": 0.6292671834254145,
    "ap": 0.17003426900635496,
    "fpr_at_95_tpr": 0.812700260146493,
    "polarity_flipped": false,
    "score_range": [
      1169.069580078125,
      75064.015625
    ],
    "n_samples": 2675729842,
    "ood_ratio": 0.11844777788295116
  },
  "ReAct": {
    "auroc": 0.5579200271836124,
    "ap": 0.17416832664211843,
    "fpr_at_95_tpr": 0.9520790196594178,
    "polarity_flipped": false,
    "score_range": [
      -15.548080444335938,
      -1.1307400465011597
    ],
    "n_samples": 2675729842,
    "ood_ratio": 0.11844777788295116
  },
  "ASH": {
    "auroc": 0.7006331823975178,
    "ap": 0.27218081335227995,
    "fpr_at_95_tpr": 0.8914622537440493,
    "polarity_flipped": false,
    "score_range": [
      -33.19478225708008,
      -3.3006701469421387
    ],
    "n_samples": 2675729842,
    "ood_ratio": 0.11844777788295116
  },
  "ACTSUB": {
    "auroc": 0.5516424900587769,
    "ap": 0.13226565501759335,
    "fpr_at_95_tpr": 0.9629109175695134,
    "polarity_flipped": false,
    "score_range": [
      -3.388254404067993,
      -2.9386842250823975
    ],
    "n_samples": 2675729842,
    "ood_ratio": 0.11844777788295116
  },
  "ODIN": {
    "auroc": 0.6545590436755038,
    "ap": 0.23333197622082819,
    "fpr_at_95_tpr": 0.9324455197344552,
    "polarity_flipped": false,
    "score_range": [
      0.9462735652923584,
      0.947303831577301
    ],
    "n_samples": 2675729842,
    "ood_ratio": 0.11844777788295116
  },
  "kNN": {
    "auroc": 0.5869864329013368,
    "ap": 0.14991478020352192,
    "fpr_at_95_tpr": 0.9254876306814594,
    "polarity_flipped": true,
    "score_range": [
      -0.825995922088623,
      -0.2884565591812134
    ],
    "n_samples": 2675729842,
    "ood_ratio": 0.11844777788295116
  },
  "VIM": {
    "auroc": 0.6531077594721646,
    "ap": 0.23205253224436664,
    "fpr_at_95_tpr": 0.9353961942377518,
    "polarity_flipped": false,
    "score_range": [
      -36.22490310668945,
      -3.2562899589538574
    ],
    "n_samples": 2675729842,
    "ood_ratio": 0.11844777788295116
  },
  "GEN": {
    "auroc": 0.6428418548435032,
    "ap": 0.21188605380672582,
    "fpr_at_95_tpr": 0.940564045179145,
    "polarity_flipped": false,
    "score_range": [
      3.266982417926556e-08,
      0.9919836521148682
    ],
    "n_samples": 2675729842,
    "ood_ratio": 0.11844777788295116
  },
  "DICE": {
    "auroc": 0.6577761066044928,
    "ap": 0.23576832559878216,
    "fpr_at_95_tpr": 0.9309089745507867,
    "polarity_flipped": false,
    "score_range": [
      -20.629201889038086,
      -3.0723047256469727
    ],
    "n_samples": 2675729842,
    "ood_ratio": 0.11844777788295116
  },
  "Gram": {
    "auroc": 0.5066023383789607,
    "ap": 0.1245752099469711,
    "fpr_at_95_tpr": 0.9541870399666018,
    "polarity_flipped": true,
    "score_range": [
      -0.40032562613487244,
      -0.0574013777077198
    ],
    "n_samples": 2675729842,
    "ood_ratio": 0.11844777788295116
  },
  "SCALE": {
    "auroc": 0.6390171550099519,
    "ap": 0.22186092486412484,
    "fpr_at_95_tpr": 0.9425324777231184,
    "polarity_flipped": false,
    "score_range": [
      -12.340301513671875,
      -3.059715986251831
    ],
    "n_samples": 2675729842,
    "ood_ratio": 0.11844777788295116
  },
  "KL_Matching": {
    "auroc": 0.6455967337553287,
    "ap": 0.22052785039467657,
    "fpr_at_95_tpr": 0.9401071094423296,
    "polarity_flipped": false,
    "score_range": [
      -2.9444382190704346,
      -0.24490931630134583
    ],
    "n_samples": 2675729842,
    "ood_ratio": 0.11844777788295116
  }
}