{
  "MSP": 0.491463303565979,
  "MaxLogit": -4.551425457000732,
  "Entropy": 1.3386316299438477,
  "Energy": -5.115431308746338,
  "Mahalanobis": 2017.287841796875,
  "Mahalanobis_plus__plus_": 14289.6982421875,
  "ReAct": -4.223585605621338,
  "ASH": -5.813709259033203,
  "ACTSUB": -2.9511067867279053,
  "ODIN": 0.9471300840377808,
  "kNN": 0.6901043057441711,
  "VIM": -8.162433624267578,
  "GEN": 0.9508283138275146,
  "DICE": -4.7258806228637695,
  "Gram": 0.17634998261928558,
  "SCALE": -3.803025245666504,
  "KL_Matching": -1.6058070659637451
}