{
  "MSP": {
    "auroc": 0.7003684610825212,
    "ap": 0.15342014010599592,
    "fpr_at_95_tpr": 0.7880625973716354,
    "polarity_flipped": false,
    "score_range": [
      0.0,
      0.8925348520278931
    ],
    "n_samples": 571680482,
    "ood_ratio": 0.08279754074234776
  },
  "MaxLogit": {
    "auroc": 0.7248079016406619,
    "ap": 0.1669243892961512,
    "fpr_at_95_tpr": 0.7815535343535956,
    "polarity_flipped": false,
    "score_range": [
      -18.90765953063965,
      -1.063955307006836
    ],
    "n_samples": 571680482,
    "ood_ratio": 0.08279754074234776
  },
  "Entropy": {
    "auroc": 0.7090813811390082,
    "ap": 0.16107265323812608,
    "fpr_at_95_tpr": 0.7872244420764439,
    "polarity_flipped": false,
    "score_range": [
      5.000965302315308e-06,
      2.7200448513031006
    ],
    "n_samples": 571680482,
    "ood_ratio": 0.08279754074234776
  },
  "Energy": {
    "auroc": 0.7254072720746103,
    "ap": 0.16605727415878718,
    "fpr_at_95_tpr": 0.7812771332856794,
    "polarity_flipped": false,
    "score_range": [
      -18.90766143798828,
      -3.208644390106201
    ],
    "n_samples": 571680482,
    "ood_ratio": 0.08279754074234776
  },
  "Mahalanobis": {
    "auroc": 0.5312346142219282,
    "ap": 0.09271923621384688,
    "fpr_at_95_tpr": 0.9445905990025563,
    "polarity_flipped": false,
    "score_range": [
      352.26519775390625,
      9931.87109375
    ],
    "n_samples": 571680482,
    "ood_ratio": 0.08279754074234776
  },
  "Mahalanobis++": {
    "auroc": 0.5971853049241581,
    "ap": 0.10919526971156267,
    "fpr_at_95_tpr": 0.8678351533732419,
    "polarity_flipped": false,
    "score_range": [
      1093.6943359375,
      93092.9765625
    ],
    "n_samples": 571680482,
    "ood_ratio": 0.08279754074234776
  },
  "ReAct": {
    "auroc": 0.6851131550025176,
    "ap": 0.15027833498538468,
    "fpr_at_95_tpr": 0.8330973330121413,
    "polarity_flipped": false,
    "score_range": [
      -14.998483657836914,
      -1.111234426498413
    ],
    "n_samples": 571680482,
    "ood_ratio": 0.08279754074234776
  },
  "ASH": {
    "auroc": 0.6820149325286304,
    "ap": 0.14247063054439557,
    "fpr_at_95_tpr": 0.8265389743699829,
    "polarity_flipped": false,
    "score_range": [
      -30.477611541748047,
      -3.4078845977783203
    ],
    "n_samples": 571680482,
    "ood_ratio": 0.08279754074234776
  },
  "ODIN": {
    "auroc": 0.7239110474257666,
    "ap": 0.16669982160496477,
    "fpr_at_95_tpr": 0.7845916518173326,
    "polarity_flipped": false,
    "score_range": [
      0.9463663101196289,
      0.9473145008087158
    ],
    "n_samples": 571680482,
    "ood_ratio": 0.08279754074234776
  },
  "kNN": {
    "auroc": 0.5914199580313602,
    "ap": 0.10441952672273222,
    "fpr_at_95_tpr": 0.9042017394504885,
    "polarity_flipped": true,
    "score_range": [
      -0.8151405453681946,
      -0.30807235836982727
    ],
    "n_samples": 571680482,
    "ood_ratio": 0.08279754074234776
  },
  "VIM": {
    "auroc": 0.7292331792589772,
    "ap": 0.16863011668287292,
    "fpr_at_95_tpr": 0.7731379771855702,
    "polarity_flipped": false,
    "score_range": [
      -32.83478546142578,
      -3.206782579421997
    ],
    "n_samples": 571680482,
    "ood_ratio": 0.08279754074234776
  },
  "GEN": {
    "auroc": 0.7018249237268925,
    "ap": 0.15568880802572643,
    "fpr_at_95_tpr": 0.7880678572498202,
    "polarity_flipped": false,
    "score_range": [
      3.73965065136872e-07,
      0.9921213388442993
    ],
    "n_samples": 571680482,
    "ood_ratio": 0.08279754074234776
  },
  "DICE": {
    "auroc": 0.7248098380161062,
    "ap": 0.16692528624941536,
    "fpr_at_95_tpr": 0.7815534733252772,
    "polarity_flipped": false,
    "score_range": [
      -18.90765953063965,
      -3.039679527282715
    ],
    "n_samples": 571680482,
    "ood_ratio": 0.08279754074234776
  },
  "Gram": {
    "auroc": 0.536805898516854,
    "ap": 0.09394308116119718,
    "fpr_at_95_tpr": 0.9465274375766888,
    "polarity_flipped": false,
    "score_range": [
      0.0634315088391304,
      0.43161362409591675
    ],
    "n_samples": 571680482,
    "ood_ratio": 0.08279754074234776
  },
  "SCALE": {
    "auroc": 0.7296433527679912,
    "ap": 0.1668988995953904,
    "fpr_at_95_tpr": 0.7697614576967794,
    "polarity_flipped": false,
    "score_range": [
      -11.636945724487305,
      -3.0630335807800293
    ],
    "n_samples": 571680482,
    "ood_ratio": 0.08279754074234776
  },
  "KL_Matching": {
    "auroc": 0.709081378067332,
    "ap": 0.16107262679122045,
    "fpr_at_95_tpr": 0.7872261222623326,
    "polarity_flipped": false,
    "score_range": [
      -2.944434404373169,
      -0.22439374029636383
    ],
    "n_samples": 571680482,
    "ood_ratio": 0.08279754074234776
  },
  "ACTSUB": {
    "auroc": 0.7171295682610555,
    "ap": 0.16571502983532846,
    "fpr_at_95_tpr": 0.8083546638748652,
    "polarity_flipped": false,
    "score_range": [
      -18.16277313232422,
      -3.191786766052246
    ],
    "n_samples": 571680482,
    "ood_ratio": 0.08279754074234776
  }
}